,ds,trend,yhat_lower,yhat_upper,trend_lower,trend_upper,additive_terms,additive_terms_lower,additive_terms_upper,daily,daily_lower,daily_upper,weekly,weekly_lower,weekly_upper,yearly,yearly_lower,yearly_upper,multiplicative_terms,multiplicative_terms_lower,multiplicative_terms_upper,yhat
710,2022-01-01,157215.49772830107,157523.21973848206,159063.516210679,157215.49772830107,157215.49772830107,1100.0095514759857,1100.0095514759857,1100.0095514759857,11055.35336682985,11055.35336682985,11055.35336682985,13.462510175395236,13.462510175395236,13.462510175395236,-9968.806325529258,-9968.806325529258,-9968.806325529258,0.0,0.0,0.0,158315.50727977706
711,2022-01-02,157436.73500004865,157526.5381101885,159025.96136812822,157436.73500004865,157436.73500004865,835.9843934548763,835.9843934548763,835.9843934548763,11055.35336682985,11055.35336682985,11055.35336682985,-21.79692619512453,-21.79692619512453,-21.79692619512453,-10197.572047179849,-10197.572047179849,-10197.572047179849,0.0,0.0,0.0,158272.71939350353
712,2022-01-03,157657.9722717962,157572.0026596084,159022.69439354533,157657.9722717962,157657.9722717962,608.2941317914011,608.2941317914011,608.2941317914011,11055.35336682985,11055.35336682985,11055.35336682985,-15.449239913128604,-15.449239913128604,-15.449239913128604,-10431.60999512532,-10431.60999512532,-10431.60999512532,0.0,0.0,0.0,158266.2664035876
713,2022-01-04,157879.20954354378,157514.95847378796,159032.2019272867,157879.20954354378,157879.20954354378,377.7161568953463,377.7161568953463,377.7161568953463,11055.35336682985,11055.35336682985,11055.35336682985,-7.780047876943409,-7.780047876943409,-7.780047876943409,-10669.857162057559,-10669.857162057559,-10669.857162057559,0.0,0.0,0.0,158256.92570043914
714,2022-01-05,158100.44681529133,157400.71881110006,158997.22505015705,158100.44681529133,158100.44681529133,131.92900060277773,131.92900060277773,131.92900060277773,11055.35336682985,11055.35336682985,11055.35336682985,-12.460761240064047,-12.460761240064047,-12.460761240064047,-10910.963604987006,-10910.963604987006,-10910.963604987006,0.0,0.0,0.0,158232.3758158941
715,2022-01-06,158321.6840870389,157439.24237720508,159009.29845014695,158321.6840870389,158321.6840870389,-91.48571857324744,-91.48571857324744,-91.48571857324744,11055.35336682985,11055.35336682985,11055.35336682985,6.462842135047072,6.462842135047072,6.462842135047072,-11153.301927538143,-11153.301927538143,-11153.301927538143,0.0,0.0,0.0,158230.19836846567
716,2022-01-07,158542.9213587865,157508.44197103224,159041.91881679764,158542.9213587865,158542.9213587865,-302.0693563000773,-302.0693563000773,-302.0693563000773,11055.35336682985,11055.35336682985,11055.35336682985,37.56162291477628,37.56162291477628,37.56162291477628,-11394.984346044706,-11394.984346044706,-11394.984346044706,0.0,0.0,0.0,158240.8520024864
717,2022-01-08,158764.15863053408,157450.2629352521,158964.67926884178,158764.15863053408,158764.15863053408,-565.0713136643774,-565.0713136643774,-565.0713136643774,11055.35336682985,11055.35336682985,11055.35336682985,13.462510175541595,13.462510175541595,13.462510175541595,-11633.887190669768,-11633.887190669768,-11633.887190669768,0.0,0.0,0.0,158199.0873168697
718,2022-01-09,158985.39590228163,157372.45121298236,158899.677887183,158985.39590228163,158985.39590228163,-834.1260520213095,-834.1260520213095,-834.1260520213095,11055.35336682985,11055.35336682985,11055.35336682985,-21.79692619513843,-21.79692619513843,-21.79692619513843,-11867.682492656024,-11867.682492656024,-11867.682492656024,0.0,0.0,0.0,158151.26985026032
719,2022-01-10,159206.6331740292,157463.36811026972,158889.82197900952,159206.6331740292,159206.6331740292,-1053.9719866477712,-1053.9719866477712,-1053.9719866477712,11055.35336682985,11055.35336682985,11055.35336682985,-15.449239913113392,-15.449239913113392,-15.449239913113392,-12093.87611356451,-12093.87611356451,-12093.87611356451,0.0,0.0,0.0,158152.66118738143
720,2022-01-11,159427.87044577676,157400.33505502788,158898.19665731656,159427.87044577676,159427.87044577676,-1262.2783685523304,-1262.2783685523304,-1262.2783685523304,11055.35336682985,11055.35336682985,11055.35336682985,-7.7800478769421035,-7.7800478769421035,-7.7800478769421035,-12309.851687505241,-12309.851687505241,-12309.851687505241,0.0,0.0,0.0,158165.59207722443
721,2022-01-12,159649.10771752434,157403.62716161768,158925.7508588403,159649.10771752434,159649.10771752434,-1470.0268723256277,-1470.0268723256277,-1470.0268723256277,11055.35336682985,11055.35336682985,11055.35336682985,-12.460761240062727,-12.460761240062727,-12.460761240062727,-12512.919477915415,-12512.919477915415,-12512.919477915415,0.0,0.0,0.0,158179.0808451987
722,2022-01-13,159870.34498927192,157407.9841372531,159033.70093979157,159870.34498927192,159870.34498927192,-1638.5528923787222,-1638.5528923787222,-1638.5528923787222,11055.35336682985,11055.35336682985,11055.35336682985,6.462842135072889,6.462842135072889,6.462842135072889,-12700.369101343644,-12700.369101343644,-12700.369101343644,0.0,0.0,0.0,158231.7920968932
723,2022-01-14,160091.58226101947,157598.86528644827,159086.57174421797,160091.58226101947,160091.58226101947,-1776.6099564431727,-1776.6099564431727,-1776.6099564431727,11055.35336682985,11055.35336682985,11055.35336682985,37.56162291475215,37.56162291475215,37.56162291475215,-12869.524946187776,-12869.524946187776,-12869.524946187776,0.0,0.0,0.0,158314.9723045763
724,2022-01-15,160312.81953276708,157652.2277754278,159124.14851444052,160312.81953276708,160312.81953276708,-1948.987141131938,-1948.987141131938,-1948.987141131938,11055.35336682985,11055.35336682985,11055.35336682985,13.462510175511468,13.462510175511468,13.462510175511468,-13017.803018137296,-13017.803018137296,-13017.803018137296,0.0,0.0,0.0,158363.83239163514
725,2022-01-16,160534.05680451464,157646.70398316745,159176.6584859472,160534.05680451464,160534.05680451464,-2109.211438596366,-2109.211438596366,-2109.211438596366,11055.35336682985,11055.35336682985,11055.35336682985,-21.79692619514306,-21.79692619514306,-21.79692619514306,-13142.76787923107,-13142.76787923107,-13142.76787923107,0.0,0.0,0.0,158424.84536591827
726,2022-01-17,160755.2940762622,157811.8416206714,159296.84890075793,160755.2940762622,160755.2940762622,-2202.2841891406238,-2202.2841891406238,-2202.2841891406238,11055.35336682985,11055.35336682985,11055.35336682985,-15.449239913098182,-15.449239913098182,-15.449239913098182,-13242.188316057378,-13242.188316057378,-13242.188316057378,0.0,0.0,0.0,158553.00988712156
727,2022-01-18,160976.53134800977,157960.4635878828,159419.12065465745,160976.53134800977,160976.53134800977,-2266.517057117326,-2266.517057117326,-2266.517057117326,11055.35336682985,11055.35336682985,11055.35336682985,-7.780047876940801,-7.780047876940801,-7.780047876940801,-13314.090376070233,-13314.090376070233,-13314.090376070233,0.0,0.0,0.0,158710.01429089243
728,2022-01-19,161197.76861975735,158109.1862971295,159643.95638325758,161197.76861975735,161197.76861975735,-2313.9138440240977,-2313.9138440240977,-2313.9138440240977,11055.35336682985,11055.35336682985,11055.35336682985,-12.460761240066349,-12.460761240066349,-12.460761240066349,-13356.806449613881,-13356.806449613881,-13356.806449613881,0.0,0.0,0.0,158883.85477573326
729,2022-01-20,161419.0058915049,158374.92726513973,159862.81919751677,161419.0058915049,161419.0058915049,-2307.2029395270542,-2307.2029395270542,-2307.2029395270542,11055.35336682985,11055.35336682985,11055.35336682985,6.462842135100981,6.462842135100981,6.462842135100981,-13369.019148492005,-13369.019148492005,-13369.019148492005,0.0,0.0,0.0,159111.80295197785
730,2022-01-21,161640.2431632525,158664.20080891837,160162.31070529344,161640.2431632525,161640.2431632525,-2256.8838485505694,-2256.8838485505694,-2256.8838485505694,11055.35336682985,11055.35336682985,11055.35336682985,37.56162291475584,37.56162291475584,37.56162291475584,-13349.798838295175,-13349.798838295175,-13349.798838295175,0.0,0.0,0.0,159383.35931470193
731,2022-01-22,161861.48043500006,158830.89947244336,160371.46616879708,161861.48043500006,161861.48043500006,-2229.8179418065642,-2229.8179418065642,-2229.8179418065642,11055.35336682985,11055.35336682985,11055.35336682985,13.462510175472907,13.462510175472907,13.462510175472907,-13298.633818811886,-13298.633818811886,-13298.633818811886,0.0,0.0,0.0,159631.6624931935
732,2022-01-23,162082.71770674764,159110.02647449833,160695.57583993408,162082.71770674764,162082.71770674764,-2181.895870808723,-2181.895870808723,-2181.895870808723,11055.35336682985,11055.35336682985,11055.35336682985,-21.796926195166222,-21.796926195166222,-21.796926195166222,-13215.452311443409,-13215.452311443409,-13215.452311443409,0.0,0.0,0.0,159900.82183593893
733,2022-01-24,162303.9549784952,159513.83894614174,160990.1403480798,162303.9549784952,162303.9549784952,-2060.731473725616,-2060.731473725616,-2060.731473725616,11055.35336682985,11055.35336682985,11055.35336682985,-15.449239913164654,-15.449239913164654,-15.449239913164654,-13100.635600642303,-13100.635600642303,-13100.635600642303,0.0,0.0,0.0,160243.2235047696
734,2022-01-25,162525.19225024278,159889.76278326748,161352.9325576075,162525.19225024278,162525.19225024278,-1907.448564338949,-1907.448564338949,-1907.448564338949,11055.35336682985,11055.35336682985,11055.35336682985,-7.780047876950712,-7.780047876950712,-7.780047876950712,-12955.021883291847,-12955.021883291847,-12955.021883291847,0.0,0.0,0.0,160617.74368590384
735,2022-01-26,162746.42952199036,160185.30610582148,161736.33952732343,162746.42952199036,162746.42952199036,-1737.0079948776888,-1737.0079948776888,-1737.0079948776888,11055.35336682985,11055.35336682985,11055.35336682985,-12.46076124006503,-12.46076124006503,-12.46076124006503,-12779.90060046747,-12779.90060046747,-12779.90060046747,0.0,0.0,0.0,161009.42152711266
736,2022-01-27,162967.6667937379,160710.8053079198,162203.26478119116,162967.6667937379,162967.6667937379,-1515.1810455824636,-1515.1810455824636,-1515.1810455824636,11055.35336682985,11055.35336682985,11055.35336682985,6.462842135129068,6.462842135129068,6.462842135129068,-12576.997254547441,-12576.997254547441,-12576.997254547441,0.0,0.0,0.0,161452.48574815545
737,2022-01-28,163188.9040654855,161212.78891746447,162724.59307411805,163188.9040654855,163188.9040654855,-1255.5339555223368,-1255.5339555223368,-1255.5339555223368,11055.35336682985,11055.35336682985,11055.35336682985,37.561622914759546,37.561622914759546,37.561622914759546,-12348.448945266944,-12348.448945266944,-12348.448945266944,0.0,0.0,0.0,161933.37010996314
738,2022-01-29,163410.14133723307,161589.96729227577,163201.2615101196,163410.14133723307,163410.14133723307,-1027.9552081558847,-1027.9552081558847,-1027.9552081558847,11055.35336682985,11055.35336682985,11055.35336682985,13.462510175434344,13.462510175434344,13.462510175434344,-12096.77108516117,-12096.77108516117,-12096.77108516117,0.0,0.0,0.0,162382.1861290772
739,2022-01-30,163631.37860898062,162075.51116956578,163578.85839002396,163631.37860898062,163631.37860898062,-791.2595312495831,-791.2595312495831,-791.2595312495831,11055.35336682985,11055.35336682985,11055.35336682985,-21.79692619510594,-21.79692619510594,-21.79692619510594,-11824.815971884329,-11824.815971884329,-11824.815971884329,0.0,0.0,0.0,162840.11907773104
740,2022-01-31,163852.6158807282,162538.68657742935,164157.7780790267,163852.6158807282,163852.6158807282,-495.8199696475507,-495.8199696475507,-495.8199696475507,11055.35336682985,11055.35336682985,11055.35336682985,-15.449239913149443,-15.449239913149443,-15.449239913149443,-11535.724096564249,-11535.724096564249,-11535.724096564249,0.0,0.0,0.0,163356.79591108064
741,2022-02-01,164073.85315247576,163163.7772697616,164649.68953095886,164073.85315247576,164073.85315247576,-185.29592931213398,-185.29592931213398,-185.29592931213398,11055.35336682985,11055.35336682985,11055.35336682985,-7.780047876949404,-7.780047876949404,-7.780047876949404,-11232.869248265033,-11232.869248265033,-11232.869248265033,0.0,0.0,0.0,163888.55722316363
742,2022-02-02,164295.09042422334,163632.79124592568,165165.86048525895,164295.09042422334,164295.09042422334,123.09397558261867,123.09397558261867,123.09397558261867,11055.35336682985,11055.35336682985,11055.35336682985,-12.460761240065558,-12.460761240065558,-12.460761240065558,-10919.798630007164,-10919.798630007164,-10919.798630007164,0.0,0.0,0.0,164418.18439980596
743,2022-02-03,164516.32769597092,164156.23971216916,165793.43209402604,164516.32769597092,164516.32769597092,461.6468814438434,461.6468814438434,461.6468814438434,11055.35336682985,11055.35336682985,11055.35336682985,6.46284213515716,6.46284213515716,6.46284213515716,-10600.169327521166,-10600.169327521166,-10600.169327521166,0.0,0.0,0.0,164977.97457741477
744,2022-02-04,164737.5649677185,164802.83797929683,166375.75971614968,164737.5649677185,164737.5649677185,815.23242519189,815.23242519189,815.23242519189,11055.35336682985,11055.35336682985,11055.35336682985,37.56162291474135,37.56162291474135,37.56162291474135,-10277.682564552699,-10277.682564552699,-10277.682564552699,0.0,0.0,0.0,165552.79739291038
745,2022-02-05,164958.80223946605,165309.90017689907,166840.4459663628,164958.80223946605,164958.80223946605,1112.798641351392,1112.798641351392,1112.798641351392,11055.35336682985,11055.35336682985,11055.35336682985,13.46251017541266,13.46251017541266,13.46251017541266,-9956.01723565387,-9956.01723565387,-9956.01723565387,0.0,0.0,0.0,166071.60088081745
746,2022-02-06,165180.03951121363,165887.4381213335,167280.13771748592,165180.03951121363,165180.03951121363,1394.7922133765867,1394.7922133765867,1394.7922133765867,11055.35336682985,11055.35336682985,11055.35336682985,-21.796926195119827,-21.796926195119827,-21.796926195119827,-9638.764227258143,-9638.764227258143,-9638.764227258143,0.0,0.0,0.0,166574.8317245902
747,2022-02-07,165401.27678296118,166332.48558735385,167839.1091894433,165401.27678296118,165401.27678296118,1710.5411069074405,1710.5411069074405,1710.5411069074405,11055.35336682985,11055.35336682985,11055.35336682985,-15.449239913134232,-15.449239913134232,-15.449239913134232,-9329.363020009274,-9329.363020009274,-9329.363020009274,0.0,0.0,0.0,167111.81788986863
748,2022-02-08,165622.51405470876,166880.90103390103,168374.3426830444,165622.51405470876,165622.51405470876,2016.5313090142645,2016.5313090142645,2016.5313090142645,11055.35336682985,11055.35336682985,11055.35336682985,-7.7800478769537085,-7.7800478769537085,-7.7800478769537085,-9031.042009938632,-9031.042009938632,-9031.042009938632,0.0,0.0,0.0,167639.04536372304
749,2022-02-09,165843.75132645635,167411.62540768346,168876.4555632164,165843.75132645635,165843.75132645635,2296.128710824658,2296.128710824658,2296.128710824658,11055.35336682985,11055.35336682985,11055.35336682985,-12.460761240062391,-12.460761240062391,-12.460761240062391,-8746.763894765128,-8746.763894765128,-8746.763894765128,0.0,0.0,0.0,168139.880037281
750,2022-02-10,166064.98859820393,167914.01415585063,169404.88763463977,166064.98859820393,166064.98859820393,2582.638862589237,2582.638862589237,2582.638862589237,11055.35336682985,11055.35336682985,11055.35336682985,6.462842135031122,6.462842135031122,6.462842135031122,-8479.177346375644,-8479.177346375644,-8479.177346375644,0.0,0.0,0.0,168647.62746079316
751,2022-02-11,166286.2258699515,168382.27844813207,169895.16367757483,166286.2258699515,166286.2258699515,2862.338954863568,2862.338954863568,2862.338954863568,11055.35336682985,11055.35336682985,11055.35336682985,37.56162291473911,37.56162291473911,37.56162291473911,-8230.57603488102,-8230.57603488102,-8230.57603488102,0.0,0.0,0.0,169148.56482481508
752,2022-02-12,166507.46314169906,168739.38626145513,170354.2645800203,166507.46314169906,166507.46314169906,3065.949989722453,3065.949989722453,3065.949989722453,11055.35336682985,11055.35336682985,11055.35336682985,13.462510175374101,13.462510175374101,13.462510175374101,-8002.86588728277,-8002.86588728277,-8002.86588728277,0.0,0.0,0.0,169573.41313142152
753,2022-02-13,166728.7004134466,169208.934236663,170704.19354539382,166728.7004134466,166728.7004134466,3236.015180928867,3236.015180928867,3236.015180928867,11055.35336682985,11055.35336682985,11055.35336682985,-21.79692619513373,-21.79692619513373,-21.79692619513373,-7797.541259705847,-7797.541259705847,-7797.541259705847,0.0,0.0,0.0,169964.71559437548
754,2022-02-14,166949.9376851942,169674.2532395935,171112.04277768725,166949.9376851942,166949.9376851942,3424.233645577667,3424.233645577667,3424.233645577667,11055.35336682985,11055.35336682985,11055.35336682985,-15.449239913119023,-15.449239913119023,-15.449239913119023,-7615.6704813390625,-7615.6704813390625,-7615.6704813390625,0.0,0.0,0.0,170374.17133077185
755,2022-02-15,167171.17495694177,169973.29678522886,171445.83812544154,167171.17495694177,167171.17495694177,3589.682322265904,3589.682322265904,3589.682322265904,11055.35336682985,11055.35336682985,11055.35336682985,-7.780047876941344,-7.780047876941344,-7.780047876941344,-7457.890996687002,-7457.890996687002,-7457.890996687002,0.0,0.0,0.0,170760.85727920767
756,2022-02-16,167392.41222868935,170286.43219368212,171889.654848093,167392.41222868935,167392.41222868935,3718.478509393929,3718.478509393929,3718.478509393929,11055.35336682985,11055.35336682985,11055.35336682985,-12.460761240062928,-12.460761240062928,-12.460761240062928,-7324.414096195857,-7324.414096195857,-7324.414096195857,0.0,0.0,0.0,171110.89073808328
757,2022-02-17,167613.64950043694,170750.46300036853,172255.1935988723,167613.64950043694,167613.64950043694,3846.7772188039003,3846.7772188039003,3846.7772188039003,11055.35336682985,11055.35336682985,11055.35336682985,6.462842135059214,6.462842135059214,6.462842135059214,-7215.038990161008,-7215.038990161008,-7215.038990161008,0.0,0.0,0.0,171460.42671924084
758,2022-02-18,167834.8867721845,171043.46301602112,172535.0866194186,167834.8867721845,167834.8867721845,3963.7392368666515,3963.7392368666515,3963.7392368666515,11055.35336682985,11055.35336682985,11055.35336682985,37.561622914748746,37.561622914748746,37.561622914748746,-7129.175752877946,-7129.175752877946,-7129.175752877946,0.0,0.0,0.0,171798.62600905114
759,2022-02-19,168056.12404393207,171310.52751361224,172862.9829861083,168056.12404393207,168056.12404393207,4002.9394276740736,4002.9394276740736,4002.9394276740736,11055.35336682985,11055.35336682985,11055.35336682985,13.462510175343976,13.462510175343976,13.462510175343976,-7065.876449331119,-7065.876449331119,-7065.876449331119,0.0,0.0,0.0,172059.06347160615
760,2022-02-20,168277.36131567962,171528.89041950123,173026.12072376232,168277.36131567962,168277.36131567962,4009.682879856193,4009.682879856193,4009.682879856193,11055.35336682985,11055.35336682985,11055.35336682985,-21.796926195147623,-21.796926195147623,-21.796926195147623,-7023.873560778508,-7023.873560778508,-7023.873560778508,0.0,0.0,0.0,172287.04419553583
761,2022-02-21,168498.59858742717,171771.53138776709,173300.03115844124,168498.59858742717,168498.59858742717,4038.2794736023375,4038.2794736023375,4038.2794736023375,11055.35336682985,11055.35336682985,11055.35336682985,-15.449239913112061,-15.449239913112061,-15.449239913112061,-7001.6246533143985,-7001.6246533143985,-7001.6246533143985,0.0,0.0,0.0,172536.8780610295
762,2022-02-22,168719.83585917475,171989.43809946574,173517.35841850485,168719.83585917475,168719.83585917475,4050.2112295387574,4050.2112295387574,4050.2112295387574,11055.35336682985,11055.35336682985,11055.35336682985,-7.780047876945646,-7.780047876945646,-7.780047876945646,-6997.362089414145,-6997.362089414145,-6997.362089414145,0.0,0.0,0.0,172770.0470887135
763,2022-02-23,168941.07313092233,172226.3194365594,173699.22714230412,168941.07313092233,168941.07313092233,4033.7461355886403,4033.7461355886403,4033.7461355886403,11055.35336682985,11055.35336682985,11055.35336682985,-12.46076124006346,-12.46076124006346,-12.46076124006346,-7009.146470001146,-7009.146470001146,-7009.146470001146,0.0,0.0,0.0,172974.81926651098
764,2022-02-24,169162.31040266991,172443.81534134937,173935.4270737863,169162.31040266991,169162.31040266991,4026.8937922645364,4026.8937922645364,4026.8937922645364,11055.35336682985,11055.35336682985,11055.35336682985,6.462842135087302,6.462842135087302,6.462842135087302,-7034.922416700401,-7034.922416700401,-7034.922416700401,0.0,0.0,0.0,173189.20419493446
765,2022-02-25,169383.5476744175,172635.889214527,174131.4885884779,169383.5476744175,169383.5476744175,4020.3397274702543,4020.3397274702543,4020.3397274702543,11055.35336682985,11055.35336682985,11055.35336682985,37.56162291475246,37.56162291475246,37.56162291475246,-7072.575262274345,-7072.575262274345,-7072.575262274345,0.0,0.0,0.0,173403.88740188774
766,2022-02-26,169604.78494616505,172799.28851737955,174328.84398407428,169604.78494616505,169604.78494616505,3948.8286641456934,3948.8286641456934,3948.8286641456934,11055.35336682985,11055.35336682985,11055.35336682985,13.462510175490335,13.462510175490335,13.462510175490335,-7119.987212859645,-7119.987212859645,-7119.987212859645,0.0,0.0,0.0,173553.61361031074
767,2022-02-27,169826.02221791263,172912.86204053278,174438.1001500507,169826.02221791263,169826.02221791263,3858.464862383457,3858.464862383457,3858.464862383457,11055.35336682985,11055.35336682985,11055.35336682985,-21.796926195087337,-21.796926195087337,-21.796926195087337,-7175.091578251305,-7175.091578251305,-7175.091578251305,0.0,0.0,0.0,173684.4870802961
768,2022-02-28,170047.25948966018,173093.02386152765,174609.63220771842,170047.25948966018,170047.25948966018,3803.980391745402,3803.980391745402,3803.980391745402,11055.35336682985,11055.35336682985,11055.35336682985,-15.449239913088594,-15.449239913088594,-15.449239913088594,-7235.923735171359,-7235.923735171359,-7235.923735171359,0.0,0.0,0.0,173851.23988140558
769,2022-03-01,170268.49676140776,173299.4910855891,174739.5710492204,170268.49676140776,170268.49676140776,3746.905727971236,3746.905727971236,3746.905727971236,11055.35336682985,11055.35336682985,11055.35336682985,-7.780047876944342,-7.780047876944342,-7.780047876944342,-7300.6675909816695,-7300.6675909816695,-7300.6675909816695,0.0,0.0,0.0,174015.402489379
770,2022-03-02,170489.73403315534,173413.61786015806,174929.3604366836,170489.73403315534,170489.73403315534,3675.1961566290647,3675.1961566290647,3675.1961566290647,11055.35336682985,11055.35336682985,11055.35336682985,-12.460761240060288,-12.460761240060288,-12.460761240060288,-7367.696448960725,-7367.696448960725,-7367.696448960725,0.0,0.0,0.0,174164.9301897844
771,2022-03-03,170710.97130490292,173574.13697189008,175119.43784043545,170710.97130490292,170710.97130490292,3626.2088719022545,3626.2088719022545,3626.2088719022545,11055.35336682985,11055.35336682985,11055.35336682985,6.462842134963539,6.462842134963539,6.462842134963539,-7435.607337062558,-7435.607337062558,-7435.607337062558,0.0,0.0,0.0,174337.18017680518
772,2022-03-04,170932.2085766505,173839.3970235418,175319.72831872109,170932.2085766505,170932.2085766505,3589.6669439535563,3589.6669439535563,3589.6669439535563,11055.35336682985,11055.35336682985,11055.35336682985,37.56162291475616,37.56162291475616,37.56162291475616,-7503.24804579105,-7503.24804579105,-7503.24804579105,0.0,0.0,0.0,174521.87552060405
773,2022-03-05,171153.44584839806,173884.60588624593,175490.20612573737,171153.44584839806,171153.44584839806,3499.0795547331672,3499.0795547331672,3499.0795547331672,11055.35336682985,11055.35336682985,11055.35336682985,13.462510175460208,13.462510175460208,13.462510175460208,-7569.736322272141,-7569.736322272141,-7569.736322272141,0.0,0.0,0.0,174652.52540313124
774,2022-03-06,171374.6831201456,174016.12802442847,175540.0220595803,171374.6831201456,171374.6831201456,3399.0855592044113,3399.0855592044113,3399.0855592044113,11055.35336682985,11055.35336682985,11055.35336682985,-21.796926195091977,-21.796926195091977,-21.796926195091977,-7634.470881430345,-7634.470881430345,-7634.470881430345,0.0,0.0,0.0,174773.76867935003
775,2022-03-07,171595.9203918932,174145.56086395442,175644.81032281928,171595.9203918932,171595.9203918932,3342.7700113759583,3342.7700113759583,3342.7700113759583,11055.35336682985,11055.35336682985,11055.35336682985,-15.449239913081637,-15.449239913081637,-15.449239913081637,-7697.134115540809,-7697.134115540809,-7697.134115540809,0.0,0.0,0.0,174938.69040326914
776,2022-03-08,171817.15766364077,174333.45444484323,175874.25787934934,171817.15766364077,171817.15766364077,3289.886714458961,3289.886714458961,3289.886714458961,11055.35336682985,11055.35336682985,11055.35336682985,-7.780047876948647,-7.780047876948647,-7.780047876948647,-7757.686604493939,-7757.686604493939,-7757.686604493939,0.0,0.0,0.0,175107.04437809973
777,2022-03-09,172038.39493538835,174572.98958768346,176005.8772459229,172038.39493538835,172038.39493538835,3226.5388606033307,3226.5388606033307,3226.5388606033307,11055.35336682985,11055.35336682985,11055.35336682985,-12.460761240065763,-12.460761240065763,-12.460761240065763,-7816.3537449864525,-7816.3537449864525,-7816.3537449864525,0.0,0.0,0.0,175264.93379599167
778,2022-03-10,172259.63220713593,174678.6368954245,176183.99392423016,172259.63220713593,172259.63220713593,3188.2111871371408,3188.2111871371408,3188.2111871371408,11055.35336682985,11055.35336682985,11055.35336682985,6.4628421349893586,6.4628421349893586,6.4628421349893586,-7873.605021827698,-7873.605021827698,-7873.605021827698,0.0,0.0,0.0,175447.84339427308
779,2022-03-11,172480.86947888348,174895.80294126424,176445.0770484198,172480.86947888348,172480.86947888348,3162.7883564186186,3162.7883564186186,3162.7883564186186,11055.35336682985,11055.35336682985,11055.35336682985,37.561622914759866,37.561622914759866,37.561622914759866,-7930.12663332599,-7930.12663332599,-7930.12663332599,0.0,0.0,0.0,175643.6578353021
780,2022-03-12,172702.10675063106,175024.37484454666,176523.79252322533,172702.10675063106,172702.10675063106,3082.0275266428794,3082.0275266428794,3082.0275266428794,11055.35336682985,11055.35336682985,11055.35336682985,13.462510175421649,13.462510175421649,13.462510175421649,-7986.788350362392,-7986.788350362392,-7986.788350362392,0.0,0.0,0.0,175784.13427727393
781,2022-03-13,172923.34402237862,175197.31831707762,176719.84621179124,172923.34402237862,172923.34402237862,2988.9508096147865,2988.9508096147865,2988.9508096147865,11055.35336682985,11055.35336682985,11055.35336682985,-21.796926195115127,-21.796926195115127,-21.796926195115127,-8044.605631019948,-8044.605631019948,-8044.605631019948,0.0,0.0,0.0,175912.2948319934
782,2022-03-14,173144.58129412617,175311.119096763,176846.27369428382,173144.58129412617,173144.58129412617,2935.2060009444804,2935.2060009444804,2935.2060009444804,11055.35336682985,11055.35336682985,11055.35336682985,-15.44923991313986,-15.44923991313986,-15.44923991313986,-8104.698125972228,-8104.698125972228,-8104.698125972228,0.0,0.0,0.0,176079.78729507065
783,2022-03-15,173365.81856587375,175488.7899857627,176950.39916924597,173365.81856587375,173365.81856587375,2879.3275275016663,2879.3275275016663,2879.3275275016663,11055.35336682985,11055.35336682985,11055.35336682985,-7.7800478769529455,-7.7800478769529455,-7.7800478769529455,-8168.245791451229,-8168.245791451229,-8168.245791451229,0.0,0.0,0.0,176245.14609337543
784,2022-03-16,173587.05583762133,175606.10346558903,177138.24761831373,173587.05583762133,173587.05583762133,2806.448730892726,2806.448730892726,2806.448730892726,11055.35336682985,11055.35336682985,11055.35336682985,-12.460761240064445,-12.460761240064445,-12.460761240064445,-8236.443874697057,-8236.443874697057,-8236.443874697057,0.0,0.0,0.0,176393.50456851406
785,2022-03-17,173808.2931093689,175767.7545353467,177325.649386644,173808.2931093689,173808.2931093689,2751.3581586504833,2751.3581586504833,2751.3581586504833,11055.35336682985,11055.35336682985,11055.35336682985,6.462842135019717,6.462842135019717,6.462842135019717,-8310.458050314386,-8310.458050314386,-8310.458050314386,0.0,0.0,0.0,176559.6512680194
786,2022-03-18,174029.5303811165,175995.379727538,177526.2693939933,174029.5303811165,174029.5303811165,2701.5340247719287,2701.5340247719287,2701.5340247719287,11055.35336682985,11055.35336682985,11055.35336682985,37.5616229147695,37.5616229147695,37.5616229147695,-8391.38096497269,-8391.38096497269,-8391.38096497269,0.0,0.0,0.0,176731.06440588844
787,2022-03-19,174250.76765286404,176059.6943728132,177609.89451070983,174250.76765286404,174250.76765286404,2588.624483757158,2588.624483757158,2588.624483757158,11055.35336682985,11055.35336682985,11055.35336682985,13.462510175399965,13.462510175399965,13.462510175399965,-8480.191393248091,-8480.191393248091,-8480.191393248091,0.0,0.0,0.0,176839.3921366212
788,2022-03-20,174472.00492461163,176132.6011037354,177649.15293960617,174472.00492461163,174472.00492461163,2455.8393196715683,2455.8393196715683,2455.8393196715683,11055.35336682985,11055.35336682985,11055.35336682985,-21.796926195119763,-21.796926195119763,-21.796926195119763,-8577.717120963162,-8577.717120963162,-8577.717120963162,0.0,0.0,0.0,176927.8442442832
789,2022-03-21,174693.24219635918,176317.36856891515,177769.5079619507,174693.24219635918,174693.24219635918,2355.3015701564873,2355.3015701564873,2355.3015701564873,11055.35336682985,11055.35336682985,11055.35336682985,-15.449239913124645,-15.449239913124645,-15.449239913124645,-8684.602556760236,-8684.602556760236,-8684.602556760236,0.0,0.0,0.0,177048.54376651568
790,2022-03-22,174914.47946810676,176421.37038448683,177945.77165709794,174914.47946810676,174914.47946810676,2246.2913876647767,2246.2913876647767,2246.2913876647767,11055.35336682985,11055.35336682985,11055.35336682985,-7.780047876957251,-7.780047876957251,-7.780047876957251,-8801.281931288117,-8801.281931288117,-8801.281931288117,0.0,0.0,0.0,177160.77085577152
791,2022-03-23,175135.71673985434,176514.61979941587,177935.35759935182,175135.71673985434,175135.71673985434,2114.933825247466,2114.933825247466,2114.933825247466,11055.35336682985,11055.35336682985,11055.35336682985,-12.460761240064977,-12.460761240064977,-12.460761240064977,-8927.958780342316,-8927.958780342316,-8927.958780342316,0.0,0.0,0.0,177250.6505651018
792,2022-03-24,175356.95401160192,176512.44514185478,178085.59988816627,175356.95401160192,175356.95401160192,1997.2239807376536,1997.2239807376536,1997.2239807376536,11055.35336682985,11055.35336682985,11055.35336682985,6.462842135045538,6.462842135045538,6.462842135045538,-9064.592228227242,-9064.592228227242,-9064.592228227242,0.0,0.0,0.0,177354.17799233957
793,2022-03-25,175578.19128334947,176711.81458753417,178236.13706627215,175578.19128334947,175578.19128334947,1882.024594230631,1882.024594230631,1882.024594230631,11055.35336682985,11055.35336682985,11055.35336682985,37.56162291474537,37.56162291474537,37.56162291474537,-9210.890395513965,-9210.890395513965,-9210.890395513965,0.0,0.0,0.0,177460.2158775801
794,2022-03-26,175799.42855509705,176738.19572392417,178282.89753044318,175799.42855509705,175799.42855509705,1702.5048204126929,1702.5048204126929,1702.5048204126929,11055.35336682985,11055.35336682985,11055.35336682985,13.462510175537883,13.462510175537883,13.462510175537883,-9366.311056592695,-9366.311056592695,-9366.311056592695,0.0,0.0,0.0,177501.93337550975
795,2022-03-27,176020.6658268446,176768.62402654227,178259.2984934251,176020.6658268446,176020.6658268446,1503.486968239441,1503.486968239441,1503.486968239441,11055.35336682985,11055.35336682985,11055.35336682985,-21.796926195133658,-21.796926195133658,-21.796926195133658,-9530.069472395275,-9530.069472395275,-9530.069472395275,0.0,0.0,0.0,177524.15279508405
796,2022-03-28,176241.90309859219,176759.73266969976,178337.86032449495,176241.90309859219,176241.90309859219,1338.750999133795,1338.750999133795,1338.750999133795,11055.35336682985,11055.35336682985,11055.35336682985,-15.449239913109434,-15.449239913109434,-15.449239913109434,-9701.153127782945,-9701.153127782945,-9701.153127782945,0.0,0.0,0.0,177580.654097726
797,2022-03-29,176463.14037033977,176844.1601180757,178394.36703655662,176463.14037033977,176463.14037033977,1169.230402285421,1169.230402285421,1169.230402285421,11055.35336682985,11055.35336682985,11055.35336682985,-7.7800478769559485,-7.7800478769559485,-7.7800478769559485,-9878.342916667472,-9878.342916667472,-9878.342916667472,0.0,0.0,0.0,177632.37077262517
798,2022-03-30,176684.37764208735,176950.1823849527,178430.99874383537,176684.37764208735,176684.37764208735,982.6524597736613,982.6524597736613,982.6524597736613,11055.35336682985,11055.35336682985,11055.35336682985,-12.460761240066745,-12.460761240066745,-12.460761240066745,-10060.24014581612,-10060.24014581612,-10060.24014581612,0.0,0.0,0.0,177667.03010186102
799,2022-03-31,176905.61491383493,176953.0634181248,178494.36952467586,176905.61491383493,176905.61491383493,816.5176339070531,816.5176339070531,816.5176339070531,11055.35336682985,11055.35336682985,11055.35336682985,6.462842135071354,6.462842135071354,6.462842135071354,-10245.298575057868,-10245.298575057868,-10245.298575057868,0.0,0.0,0.0,177722.132547742
800,2022-04-01,177126.85218558248,177015.36971087422,178573.92354014178,177126.85218558248,177126.85218558248,661.0544086301541,661.0544086301541,661.0544086301541,11055.35336682985,11055.35336682985,11055.35336682985,37.561622914749066,37.561622914749066,37.561622914749066,-10431.860581114446,-10431.860581114446,-10431.860581114446,0.0,0.0,0.0,177787.90659421263
801,2022-04-02,177348.08945733003,177061.68039037276,178568.5158151247,177348.08945733003,177348.08945733003,450.61944913033614,450.61944913033614,450.61944913033614,11055.35336682985,11055.35336682985,11055.35336682985,13.46251017550776,13.46251017550776,13.46251017550776,-10618.19642787502,-10618.19642787502,-10618.19642787502,0.0,0.0,0.0,177798.70890646038
802,2022-04-03,177569.3267290776,177090.36525774768,178552.77113766436,177569.3267290776,177569.3267290776,231.01089057490853,231.01089057490853,231.01089057490853,11055.35336682985,11055.35336682985,11055.35336682985,-21.796926195147556,-21.796926195147556,-21.796926195147556,-10802.545550059795,-10802.545550059795,-10802.545550059795,0.0,0.0,0.0,177800.33761965254
803,2022-04-04,177790.5640008252,177093.1899610786,178609.37421020167,177790.5640008252,177790.5640008252,56.74541523261576,56.74541523261576,56.74541523261576,11055.35336682985,11055.35336682985,11055.35336682985,-15.449239913102478,-15.449239913102478,-15.449239913102478,-10983.158711684131,-10983.158711684131,-10983.158711684131,0.0,0.0,0.0,177847.3094160578
804,2022-04-05,178011.80127257277,177198.72318638797,178680.06073009118,178011.80127257277,178011.80127257277,-110.76656737440436,-110.76656737440436,-110.76656737440436,11055.35336682985,11055.35336682985,11055.35336682985,-7.780047876949186,-7.780047876949186,-7.780047876949186,-11158.339886327303,-11158.339886327303,-11158.339886327303,0.0,0.0,0.0,177901.03470519837
805,2022-04-06,178233.03854432033,177231.51429834025,178707.0527887873,178233.03854432033,178233.03854432033,-283.59411745111146,-283.59411745111146,-283.59411745111146,11055.35336682985,11055.35336682985,11055.35336682985,-12.46076124006728,-12.46076124006728,-12.46076124006728,-11326.486723040896,-11326.486723040896,-11326.486723040896,0.0,0.0,0.0,177949.44442686922
806,2022-04-07,178454.2758160679,177251.661721366,178824.03374845785,178454.2758160679,178454.2758160679,-424.31229992768283,-424.31229992768283,-424.31229992768283,11055.35336682985,11055.35336682985,11055.35336682985,6.462842135101714,6.462842135101714,6.462842135101714,-11486.128508892636,-11486.128508892636,-11486.128508892636,0.0,0.0,0.0,178029.9635161402
807,2022-04-08,178675.5130878155,177413.64771475876,178860.00384064627,178675.5130878155,178675.5130878155,-543.045625310886,-543.045625310886,-543.045625310886,11055.35336682985,11055.35336682985,11055.35336682985,37.561622914752775,37.561622914752775,37.561622914752775,-11635.960615055492,-11635.960615055492,-11635.960615055492,0.0,0.0,0.0,178132.4674625046
808,2022-04-09,178896.75035956307,177448.41389964373,178911.72919538632,178896.75035956307,178896.75035956307,-706.0586385632583,-706.0586385632583,-706.0586385632583,11055.35336682985,11055.35336682985,11055.35336682985,13.462510175477638,13.462510175477638,13.462510175477638,-11774.874515568585,-11774.874515568585,-11774.874515568585,0.0,0.0,0.0,178190.6917209998
809,2022-04-10,179117.98763131065,177534.05366099946,178999.3047128664,179117.98763131065,179117.98763131065,-868.4261527341761,-868.4261527341761,-868.4261527341761,11055.35336682985,11055.35336682985,11055.35336682985,-21.796926195096535,-21.796926195096535,-21.796926195096535,-11901.982593368932,-11901.982593368932,-11901.982593368932,0.0,0.0,0.0,178249.56147857648
810,2022-04-11,179339.22490305823,177548.36879802376,179063.11904173176,179339.22490305823,179339.22490305823,-976.7329663028357,-976.7329663028357,-976.7329663028357,11055.35336682985,11055.35336682985,11055.35336682985,-15.449239913095514,-15.449239913095514,-15.449239913095514,-12016.63709321959,-12016.63709321959,-12016.63709321959,0.0,0.0,0.0,178362.4919367554
811,2022-04-12,179560.4621748058,177705.582432015,179204.48095374444,179560.4621748058,179560.4621748058,-1070.8694226432574,-1070.8694226432574,-1070.8694226432574,11055.35336682985,11055.35336682985,11055.35336682985,-7.780047876947884,-7.780047876947884,-7.780047876947884,-12118.442741596158,-12118.442741596158,-12118.442741596158,0.0,0.0,0.0,178489.59275216254
812,2022-04-13,179781.69944655334,177845.02200996617,179337.26518018605,179781.69944655334,179781.69944655334,-1164.3701193317008,-1164.3701193317008,-1164.3701193317008,11055.35336682985,11055.35336682985,11055.35336682985,-12.46076124006596,-12.46076124006596,-12.46076124006596,-12207.26272492148,-12207.26272492148,-12207.26272492148,0.0,0.0,0.0,178617.32932722164
813,2022-04-14,180002.93671830092,178063.16677058078,179537.47596474166,180002.93671830092,180002.93671830092,-1221.4016860206382,-1221.4016860206382,-1221.4016860206382,11055.35336682985,11055.35336682985,11055.35336682985,6.462842135127533,6.462842135127533,6.462842135127533,-12283.217894985613,-12283.217894985613,-12283.217894985613,0.0,0.0,0.0,178781.53503228028
814,2022-04-15,180224.1739900485,178185.2940914723,179700.74482105524,180224.1739900485,180224.1739900485,-1253.7642594067227,-1253.7642594067227,-1253.7642594067227,11055.35336682985,11055.35336682985,11055.35336682985,37.56162291476242,37.56162291476242,37.56162291476242,-12346.679249151335,-12346.679249151335,-12346.679249151335,0.0,0.0,0.0,178970.40973064178
815,2022-04-16,180445.41126179605,178394.35316187204,179923.10148381325,180412.41617363863,180470.0113729971,-1329.4380311453685,-1329.4380311453685,-1329.4380311453685,11055.35336682985,11055.35336682985,11055.35336682985,13.46251017544751,13.46251017544751,13.46251017544751,-12398.253908150666,-12398.253908150666,-12398.253908150666,0.0,0.0,0.0,179115.97323065068
816,2022-04-17,180666.64853354363,178477.2438729117,179988.8779104144,180532.87210637378,180748.0160035117,-1405.2085407054026,-1405.2085407054026,-1405.2085407054026,11055.35336682985,11055.35336682985,11055.35336682985,-21.79692619510116,-21.79692619510116,-21.79692619510116,-12438.76498134015,-12438.76498134015,-12438.76498134015,0.0,0.0,0.0,179261.43999283822
817,2022-04-18,180887.8858052912,178567.6258003114,180274.5729100271,180604.75940430467,181072.4674099241,-1429.3217368871337,-1429.3217368871337,-1429.3217368871337,11055.35336682985,11055.35336682985,11055.35336682985,-15.449239913072049,-15.449239913072049,-15.449239913072049,-12469.225863803911,-12469.225863803911,-12469.225863803911,0.0,0.0,0.0,179458.56406840408
818,2022-04-19,181109.12307703876,178808.41320791296,180459.2823038136,180660.08471681745,181451.17649527456,-1443.2363288206004,-1443.2363288206004,-1443.2363288206004,11055.35336682985,11055.35336682985,11055.35336682985,-7.780047876952186,-7.780047876952186,-7.780047876952186,-12490.809647773498,-12490.809647773498,-12490.809647773498,0.0,0.0,0.0,179665.88674821815
819,2022-04-20,181330.36034878634,178851.50216235392,180736.86593139105,180673.92630198665,181896.589073382,-1461.9218434137103,-1461.9218434137103,-1461.9218434137103,11055.35336682985,11055.35336682985,11055.35336682985,-12.46076124006464,-12.46076124006464,-12.46076124006464,-12504.814449003497,-12504.814449003497,-12504.814449003497,0.0,0.0,0.0,179868.43850537264
820,2022-04-21,181551.59762053395,179070.22083734354,181042.43409109028,180584.27058988708,182352.5082814475,-1450.8093352501958,-1450.8093352501958,-1450.8093352501958,11055.35336682985,11055.35336682985,11055.35336682985,6.462842135003769,6.462842135003769,6.462842135003769,-12512.625544215047,-12512.625544215047,-12512.625544215047,0.0,0.0,0.0,180100.78828528375
821,2022-04-22,181772.83489228153,179116.25179260096,181507.51246735125,180585.63555913465,182817.02887301386,-1422.7602965361102,-1422.7602965361102,-1422.7602965361102,11055.35336682985,11055.35336682985,11055.35336682985,37.56162291473233,37.56162291473233,37.56162291473233,-12515.67528628069,-12515.67528628069,-12515.67528628069,0.0,0.0,0.0,180350.07459574542
822,2022-04-23,181994.0721640291,179085.06508541305,181823.5620247421,180603.62966932482,183304.46889598624,-1446.5859310939752,-1446.5859310939752,-1446.5859310939752,11055.35336682985,11055.35336682985,11055.35336682985,13.462510175408953,13.462510175408953,13.462510175408953,-12515.401808099235,-12515.401808099235,-12515.401808099235,0.0,0.0,0.0,180547.4862329351
823,2022-04-24,182215.30943577667,178900.5537220512,182473.60123058184,180547.0842011812,183832.78530203537,-1479.6511026603177,-1479.6511026603177,-1479.6511026603177,11055.35336682985,11055.35336682985,11055.35336682985,-21.79692619512432,-21.79692619512432,-21.79692619512432,-12513.207543295042,-12513.207543295042,-12513.207543295042,0.0,0.0,0.0,180735.65833311636
824,2022-04-25,182436.54670752425,179070.7904434919,183045.29064061213,180548.2603759385,184281.82942389362,-1470.5144552168451,-1470.5144552168451,-1470.5144552168451,11055.35336682985,11055.35336682985,11055.35336682985,-15.44923991306509,-15.44923991306509,-15.44923991306509,-12510.418582133629,-12510.418582133629,-12510.418582133629,0.0,0.0,0.0,180966.0322523074
825,2022-04-26,182657.78397927177,178954.24381569866,183382.7320425608,180496.03890486908,184824.74750186002,-1460.6725260925741,-1460.6725260925741,-1460.6725260925741,11055.35336682985,11055.35336682985,11055.35336682985,-7.780047876939823,-7.780047876939823,-7.780047876939823,-12508.245845045485,-12508.245845045485,-12508.245845045485,0.0,0.0,0.0,181197.1114531792
826,2022-04-27,182879.02125101935,178701.8363389745,184081.8187108177,180264.98858406252,185375.50847690355,-1464.8563898975106,-1464.8563898975106,-1464.8563898975106,11055.35336682985,11055.35336682985,11055.35336682985,-12.460761240063324,-12.460761240063324,-12.460761240063324,-12507.748995487296,-12507.748995487296,-12507.748995487296,0.0,0.0,0.0,181414.16486112186
827,2022-04-28,183100.25852276693,178791.35178150923,184597.34271917096,180109.69148804012,185873.7287682902,-1447.9877215867284,-1447.9877215867284,-1447.9877215867284,11055.35336682985,11055.35336682985,11055.35336682985,6.462842135029587,6.462842135029587,6.462842135029587,-12509.80393055161,-12509.80393055161,-12509.80393055161,0.0,0.0,0.0,181652.27080118022
828,2022-04-29,183321.49579451449,178570.3546980967,184968.89370481542,179883.82730603014,186490.96176790085,-1422.1595948645115,-1422.1595948645115,-1422.1595948645115,11055.35336682985,11055.35336682985,11055.35336682985,37.56162291474198,37.56162291474198,37.56162291474198,-12515.074584609105,-12515.074584609105,-12515.074584609105,0.0,0.0,0.0,181899.33619965
829,2022-04-30,183542.73306626207,178355.92373363196,185644.55047804242,179859.5041660379,187068.85290172094,-1455.1737843694102,-1455.1737843694102,-1455.1737843694102,11055.35336682985,11055.35336682985,11055.35336682985,13.462510175378828,13.462510175378828,13.462510175378828,-12523.989661374642,-12523.989661374642,-12523.989661374642,0.0,0.0,0.0,182087.55928189267
830,2022-05-01,183763.97033800965,178626.51337835277,186179.4646019471,179797.1459094858,187687.80274179278,-1503.168336211442,-1503.168336211442,-1503.168336211442,11055.35336682985,11055.35336682985,11055.35336682985,-21.796926195128954,-21.796926195128954,-21.796926195128954,-12536.724776846164,-12536.724776846164,-12536.724776846164,0.0,0.0,0.0,182260.8020017982
831,2022-05-02,183985.20760975717,178000.58933863894,186644.07526643085,179651.7884437748,188325.3472595307,-1513.2862264327466,-1513.2862264327466,-1513.2862264327466,11055.35336682985,11055.35336682985,11055.35336682985,-15.449239913123314,-15.449239913123314,-15.449239913123314,-12553.190353349473,-12553.190353349473,-12553.190353349473,0.0,0.0,0.0,182471.92138332443
832,2022-05-03,184206.44488150475,178094.7558477291,187380.87921377565,179469.66638773427,188914.46919372806,-1525.4521385318192,-1525.4521385318192,-1525.4521385318192,11055.35336682985,11055.35336682985,11055.35336682985,-7.780047876944123,-7.780047876944123,-7.780047876944123,-12573.025457484726,-12573.025457484726,-12573.025457484726,0.0,0.0,0.0,182680.99274297294
833,2022-05-04,184427.6821532524,177759.69467423626,187938.47377961152,179228.14371598297,189454.26362934514,-1552.7050206397332,-1552.7050206397332,-1552.7050206397332,11055.35336682985,11055.35336682985,11055.35336682985,-12.460761240063858,-12.460761240063858,-12.460761240063858,-12595.597626229519,-12595.597626229519,-12595.597626229519,0.0,0.0,0.0,182874.97713261266
834,2022-05-05,184648.9194249999,177226.11159125637,188548.33874746822,179051.68905677434,189991.75633914847,-1558.192370778805,-1558.192370778805,-1558.192370778805,11055.35336682985,11055.35336682985,11055.35336682985,6.462842135059951,6.462842135059951,6.462842135059951,-12620.008579743713,-12620.008579743713,-12620.008579743713,0.0,0.0,0.0,183090.72705422112
835,2022-05-06,184870.1566967475,177117.10317577305,189303.03095068934,178728.78786112455,190572.90588896925,-1552.1905907273017,-1552.1905907273017,-1552.1905907273017,11055.35336682985,11055.35336682985,11055.35336682985,37.561622914751624,37.561622914751624,37.561622914751624,-12645.105580471904,-12645.105580471904,-12645.105580471904,0.0,0.0,0.0,183317.9661060202
836,2022-05-07,185091.39396849507,177149.1558684445,189431.21830743158,178482.15772094898,191093.66811533153,-1600.6821923864818,-1600.6821923864818,-1600.6821923864818,11055.35336682985,11055.35336682985,11055.35336682985,13.462510175525185,13.462510175525185,13.462510175525185,-12669.498069391855,-12669.498069391855,-12669.498069391855,0.0,0.0,0.0,183490.7117761086
837,2022-05-08,185312.63124024266,176736.38208286557,189860.85132125465,178229.03122455606,191614.39226230612,-1658.0226543788967,-1658.0226543788967,-1658.0226543788967,11055.35336682985,11055.35336682985,11055.35336682985,-21.796926195142856,-21.796926195142856,-21.796926195142856,-12691.579095013605,-12691.579095013605,-12691.579095013605,0.0,0.0,0.0,183654.60858586375
838,2022-05-09,185533.8685119902,176663.72126163205,190621.57581668926,178393.14500542497,192152.5436859469,-1669.6468246252532,-1669.6468246252532,-1669.6468246252532,11055.35336682985,11055.35336682985,11055.35336682985,-15.4492399131081,-15.4492399131081,-15.4492399131081,-12709.550951541998,-12709.550951541998,-12709.550951541998,0.0,0.0,0.0,183864.22168736494
839,2022-05-10,185755.1057837378,176185.9524850631,190913.6832257833,178287.35835545094,192691.93807292118,-1673.8810429044474,-1673.8810429044474,-1673.8810429044474,11055.35336682985,11055.35336682985,11055.35336682985,-7.78004787694282,-7.78004787694282,-7.78004787694282,-12721.454361857359,-12721.454361857359,-12721.454361857359,0.0,0.0,0.0,184081.22474083334
840,2022-05-11,185976.34305548537,176172.26286261264,191851.12335473267,177937.70281983796,193230.76428917155,-1682.3078744421387,-1682.3078744421387,-1682.3078744421387,11055.35336682985,11055.35336682985,11055.35336682985,-12.460761240060686,-12.460761240060686,-12.460761240060686,-12725.200480031928,-12725.200480031928,-12725.200480031928,0.0,0.0,0.0,184294.03518104323
841,2022-05-12,186197.58032723292,175972.29902404346,192379.1328885214,177638.9050209073,193766.69211920953,-1656.788739237274,-1656.788739237274,-1656.788739237274,11055.35336682985,11055.35336682985,11055.35336682985,6.462842135085768,6.462842135085768,6.462842135085768,-12718.604948202206,-12718.604948202206,-12718.604948202206,0.0,0.0,0.0,184540.79158799566
842,2022-05-13,186418.8175989805,175599.62674008094,193102.70945979285,177409.10775021126,194411.0666333089,-1606.5082341863308,-1606.5082341863308,-1606.5082341863308,11055.35336682985,11055.35336682985,11055.35336682985,37.56162291474938,37.56162291474938,37.56162291474938,-12699.423223930933,-12699.423223930933,-12699.423223930933,0.0,0.0,0.0,184812.30936479417
843,2022-05-14,186640.05487072808,175513.27063404376,193519.7987804417,177060.1697344588,195088.649894046,-1596.5705196424549,-1596.5705196424549,-1596.5705196424549,11055.35336682985,11055.35336682985,11055.35336682985,13.462510175495064,13.462510175495064,13.462510175495064,-12665.386396647798,-12665.386396647798,-12665.386396647798,0.0,0.0,0.0,185043.48435108562
844,2022-05-15,186861.2921424756,175604.03882005616,194255.28587672426,176934.4383225487,195772.74791142243,-1580.6802937411373,-1580.6802937411373,-1580.6802937411373,11055.35336682985,11055.35336682985,11055.35336682985,-21.796926195147485,-21.796926195147485,-21.796926195147485,-12614.236734375843,-12614.236734375843,-12614.236734375843,0.0,0.0,0.0,185280.61184873446
845,2022-05-16,187082.5294142232,175370.09729394043,194916.78523270617,176816.58349231136,196455.383388455,-1503.858116504649,-1503.858116504649,-1503.858116504649,11055.35336682985,11055.35336682985,11055.35336682985,-15.449239913092887,-15.449239913092887,-15.449239913092887,-12543.762243421408,-12543.762243421408,-12543.762243421408,0.0,0.0,0.0,185578.67129771854
846,2022-05-17,187303.76668597077,175185.39898530982,195698.8607858395,176698.72866207402,197178.9112636144,-1404.2562631660057,-1404.2562631660057,-1404.2562631660057,11055.35336682985,11055.35336682985,11055.35336682985,-7.780047876941515,-7.780047876941515,-7.780047876941515,-12451.829582118915,-12451.829582118915,-12451.829582118915,0.0,0.0,0.0,185899.51042280477
847,2022-05-18,187525.00395771835,174818.96172912768,196535.55848123718,176200.90367230674,197884.78207313444,-1293.522137105541,-1293.522137105541,-1293.522137105541,11055.35336682985,11055.35336682985,11055.35336682985,-12.460761240066157,-12.460761240066157,-12.460761240066157,-12336.414742695322,-12336.414742695322,-12336.414742695322,0.0,0.0,0.0,186231.4818206128
848,2022-05-19,187746.24122946593,175207.84784519277,197174.7069911414,175678.65286297683,198504.86682394563,-1133.814791309493,-1133.814791309493,-1133.814791309493,11055.35336682985,11055.35336682985,11055.35336682985,6.462842135113857,6.462842135113857,6.462842135113857,-12195.631000274456,-12195.631000274456,-12195.631000274456,0.0,0.0,0.0,186612.42643815643
849,2022-05-20,187967.4785012135,174540.27990646614,198009.76350346117,175240.43315280884,199101.1455609836,-934.8387321907215,-934.8387321907215,-934.8387321907215,11055.35336682985,11055.35336682985,11055.35336682985,37.561622914759035,37.561622914759035,37.561622914759035,-12027.753721935329,-12027.753721935329,-12027.753721935329,0.0,0.0,0.0,187032.6397690228
850,2022-05-21,188188.71577296106,174141.00509245615,198621.3522563268,175019.11401054933,199696.11027109492,-762.4258515445448,-762.4258515445448,-762.4258515445448,11055.35336682985,11055.35336682985,11055.35336682985,13.4625101754565,13.4625101754565,13.4625101754565,-11831.241728549852,-11831.241728549852,-11831.241728549852,0.0,0.0,0.0,187426.28992141652
851,2022-05-22,188409.95304470864,174266.6532168445,199657.3151602636,174800.0982620763,200293.67675394754,-571.1985640091377,-571.1985640091377,-571.1985640091377,11055.35336682985,11055.35336682985,11055.35336682985,-21.796926195170645,-21.796926195170645,-21.796926195170645,-11604.755004643815,-11604.755004643815,-11604.755004643815,0.0,0.0,0.0,187838.7544806995
852,2022-05-23,188631.19031645622,174031.26523703418,200910.9860733593,174266.19760212553,201009.93256817822,-307.26452668605987,-307.26452668605987,-307.26452668605987,11055.35336682985,11055.35336682985,11055.35336682985,-15.449239913159362,-15.449239913159362,-15.449239913159362,-11347.16865360275,-11347.16865360275,-11347.16865360275,0.0,0.0,0.0,188323.92578977018
853,2022-05-24,188852.4275882038,173732.3540189685,201839.38852209377,173619.2662158192,201599.7981521583,-10.009775253630686,-10.009775253630686,-10.009775253630686,11055.35336682985,11055.35336682985,11055.35336682985,-7.780047876951425,-7.780047876951425,-7.780047876951425,-11057.583094206528,-11057.583094206528,-11057.583094206528,0.0,0.0,0.0,188842.41781295018
854,2022-05-25,189073.66485995133,173701.03101964164,202886.9084510218,173372.77196995108,202249.6109035341,307.56201870281666,307.56201870281666,307.56201870281666,11055.35336682985,11055.35336682985,11055.35336682985,-12.460761240064842,-12.460761240064842,-12.460761240064842,-10735.330586886967,-10735.330586886967,-10735.330586886967,0.0,0.0,0.0,189381.22687865415
855,2022-05-26,189294.9021316989,173887.27485098937,203848.73366683398,173138.83359286207,202980.37900920352,681.8379471857406,681.8379471857406,681.8379471857406,11055.35336682985,11055.35336682985,11055.35336682985,6.462842134990096,6.462842134990096,6.462842134990096,-10379.9782617791,-10379.9782617791,-10379.9782617791,0.0,0.0,0.0,189976.74007888464
856,2022-05-27,189516.1394034465,174084.7799534508,204641.63681545417,172904.89521577305,203711.0236197093,1101.5870963295401,1101.5870963295401,1101.5870963295401,11055.35336682985,11055.35336682985,11055.35336682985,37.56162291476274,37.56162291476274,37.56162291476274,-9991.327893415071,-9991.327893415071,-9991.327893415071,0.0,0.0,0.0,190617.72649977604
857,2022-05-28,189737.37667519404,174040.42974026877,206113.7684813624,172670.95683868404,204445.79651854406,1499.4031498546249,1499.4031498546249,1499.4031498546249,11055.35336682985,11055.35336682985,11055.35336682985,13.462510175434819,13.462510175434819,13.462510175434819,-9569.412727150657,-9569.412727150657,-9569.412727150657,0.0,0.0,0.0,191236.77982504867
858,2022-05-29,189958.61394694162,174615.62293328083,206904.25086420632,172437.01846159506,205180.4432810699,1919.0647319233606,1919.0647319233606,1919.0647319233606,11055.35336682985,11055.35336682985,11055.35336682985,-21.796926195110363,-21.796926195110363,-21.796926195110363,-9114.491708711379,-9114.491708711379,-9114.491708711379,0.0,0.0,0.0,191877.678678865
859,2022-05-30,190179.8512186892,174736.82323825077,208338.79283924928,172203.08008450604,205913.730987242,2412.8626268521707,2412.8626268521707,2412.8626268521707,11055.35336682985,11055.35336682985,11055.35336682985,-15.449239913135893,-15.449239913135893,-15.449239913135893,-8627.04150006454,-8627.04150006454,-8627.04150006454,0.0,0.0,0.0,192592.71384554138
860,2022-05-31,190401.08849043678,174653.91373975665,209578.922342521,171969.141707417,206646.55500398373,2939.8266372843123,2939.8266372843123,2939.8266372843123,11055.35336682985,11055.35336682985,11055.35336682985,-7.780047876950121,-7.780047876950121,-7.780047876950121,-8107.7466816685865,-8107.7466816685865,-8107.7466816685865,0.0,0.0,0.0,193340.9151277211
861,2022-06-01,190622.32576218437,175113.1140116592,210876.71721989397,171596.32069185784,207385.1290975907,3485.4040621211984,3485.4040621211984,3485.4040621211984,11055.35336682985,11055.35336682985,11055.35336682985,-12.460761240065372,-12.460761240065372,-12.460761240065372,-7557.488543468583,-7557.488543468583,-7557.488543468583,0.0,0.0,0.0,194107.72982430557
862,2022-06-02,190843.56303393195,175697.48134808888,212138.54999729322,171363.71663037202,208086.74670782866,4084.483353603619,4084.483353603619,4084.483353603619,11055.35336682985,11055.35336682985,11055.35336682985,6.462842135018182,6.462842135018182,6.462842135018182,-6977.332855361248,-6977.332855361248,-6977.332855361248,0.0,0.0,0.0,194928.04638753558
863,2022-06-03,191064.8003056795,175836.59375872806,213272.72394368725,171136.57180582333,208756.06831286047,4724.398006229294,4724.398006229294,4724.398006229294,11055.35336682985,11055.35336682985,11055.35336682985,37.56162291474454,37.56162291474454,37.56162291474454,-6368.516983515301,-6368.516983515301,-6368.516983515301,0.0,0.0,0.0,195789.19831190878
864,2022-06-04,191286.03757742708,176023.458986446,214530.57947186846,170909.42698127468,209440.5982644476,5336.3791935911,5336.3791935911,5336.3791935911,11055.35336682985,11055.35336682985,11055.35336682985,13.462510175396256,13.462510175396256,13.462510175396256,-5732.436683414145,-5732.436683414145,-5732.436683414145,0.0,0.0,0.0,196622.41677101818
865,2022-06-05,191507.27484917466,175972.83646850733,216252.37734310713,170032.31724411625,210165.79533736088,5962.923585032579,5962.923585032579,5962.923585032579,11055.35336682985,11055.35336682985,11055.35336682985,-21.79692619512426,-21.79692619512426,-21.79692619512426,-5070.632855602145,-5070.632855602145,-5070.632855602145,0.0,0.0,0.0,197470.19843420724
866,2022-06-06,191728.51212092218,176304.9954819891,217449.45992337173,169763.7050864734,211026.87619469062,6655.125628732209,6655.125628732209,6655.125628732209,11055.35336682985,11055.35336682985,11055.35336682985,-15.449239913128933,-15.449239913128933,-15.449239913128933,-4384.77849818451,-4384.77849818451,-4384.77849818451,0.0,0.0,0.0,198383.6377496544
867,2022-06-07,191949.74939266976,176579.60236790485,219166.7997341084,169329.5700318125,211786.41976047764,7370.907285673337,7370.907285673337,7370.907285673337,11055.35336682985,11055.35336682985,11055.35336682985,-7.7800478769544235,-7.7800478769544235,-7.7800478769544235,-3676.6660332795573,-3676.6660332795573,-3676.6660332795573,0.0,0.0,0.0,199320.6566783431
868,2022-06-08,192170.98666441735,177163.66177972656,220693.5725385697,168781.96715735132,212533.00017276205,8094.6974801506885,8094.6974801506885,8094.6974801506885,11055.35336682985,11055.35336682985,11055.35336682985,-12.460761240062203,-12.460761240062203,-12.460761240062203,-2948.1951254390974,-2948.1951254390974,-2948.1951254390974,0.0,0.0,0.0,200265.68414456805
869,2022-06-09,192392.22393616493,177641.48094892583,222249.903574848,168537.7366446605,213464.43313927075,8860.455158098968,8860.455158098968,8860.455158098968,11055.35336682985,11055.35336682985,11055.35336682985,6.462842135044,6.462842135044,6.462842135044,-2201.3610508659244,-2201.3610508659244,-2201.3610508659244,0.0,0.0,0.0,201252.6790942639
870,2022-06-10,192613.46120791248,178025.9242026538,223897.07268297713,168299.46843429987,214483.94871544887,9654.671370182894,9654.671370182894,9654.671370182894,11055.35336682985,11055.35336682985,11055.35336682985,37.561622914742294,37.561622914742294,37.561622914742294,-1438.2436195616986,-1438.2436195616986,-1438.2436195616986,0.0,0.0,0.0,202268.13257809536
871,2022-06-11,192834.69847966006,178088.6987516218,225590.60489102852,168061.20022393917,215351.28579222588,10407.819276557037,10407.819276557037,10407.819276557037,11055.35336682985,11055.35336682985,11055.35336682985,13.462510175357696,13.462510175357696,13.462510175357696,-660.9966004481688,-660.9966004481688,-660.9966004481688,0.0,0.0,0.0,203242.5177562171
872,2022-06-12,193055.93575140764,178776.2012648884,227389.003499601,167822.9320135785,216216.07927661107,11161.718886522453,11161.718886522453,11161.718886522453,11055.35336682985,11055.35336682985,11055.35336682985,-21.796926195138152,-21.796926195138152,-21.796926195138152,128.16244588774143,128.16244588774143,128.16244588774143,0.0,0.0,0.0,204217.6546379301
873,2022-06-13,193277.17302315522,178921.43742682194,229412.4375722364,167307.9415135141,216956.16188036613,11966.866186106487,11966.866186106487,11966.866186106487,11055.35336682985,11055.35336682985,11055.35336682985,-15.449239913113725,-15.449239913113725,-15.449239913113725,926.9620591897507,926.9620591897507,926.9620591897507,0.0,0.0,0.0,205244.0392092617
